Classification,Year,Period,Period Desc.,Aggregate Level,Is Leaf Code,Trade Flow Code,Trade Flow,Reporter Code,Reporter,Reporter ISO,Partner Code,Partner,Partner ISO,2nd Partner Code,2nd Partner,2nd Partner ISO,Customs Proc. Code,Customs,Mode of Transport Code,Mode of Transport,Commodity Code,Commodity,Qty Unit Code,Qty Unit,Qty,Alt Qty Unit Code,Alt Qty Unit,Alt Qty,Netweight (kg),Gross weight (kg),Trade Value (US$),CIF Trade Value (US$),FOB Trade Value (US$),Flag
H5,2017,2017,2017,6,1,1,Import,643,Russian Federation,RUS,0,World,WLD,,,,,,,,080211,"Nuts, edible; almonds, fresh or dried, in shell",8,Weight in kilograms,132696,,,,132696,,1578219,,,0
H5,2018,2018,2018,6,1,1,Import,643,Russian Federation,RUS,0,World,WLD,,,,,,,,080211,"Nuts, edible; almonds, fresh or dried, in shell",8,Weight in kilograms,21448,,,,,,191982,,,6
H5,2019,2019,2019,6,1,1,Import,643,Russian Federation,RUS,0,World,WLD,,,,,,,,080211,"Nuts, edible; almonds, fresh or dried, in shell",1,No Quantity,0,,,,,,121599,,,6
H5,2017,2017,2017,6,1,1,Import,643,Russian Federation,RUS,0,World,WLD,,,,,,,,080212,"Nuts, edible; almonds, fresh or dried, shelled",8,Weight in kilograms,5918282,,,,5918282,,66447664,,,0
H5,2018,2018,2018,6,1,1,Import,643,Russian Federation,RUS,0,World,WLD,,,,,,,,080212,"Nuts, edible; almonds, fresh or dried, shelled",8,Weight in kilograms,8364545,,,,,,71282178,,,6
H5,2019,2019,2019,6,1,1,Import,643,Russian Federation,RUS,0,World,WLD,,,,,,,,080212,"Nuts, edible; almonds, fresh or dried, shelled",8,Weight in kilograms,8915286,,,,8915286,,52924772,,,0
H5,2017,2017,2017,6,1,1,Import,643,Russian Federation,RUS,0,World,WLD,,,,,,,,080221,"Nuts, edible; hazelnuts or filberts (corylus spp.), fresh or dried, in shell",8,Weight in kilograms,64512,,,,64512,,134653,,,0
H5,2018,2018,2018,6,1,1,Import,643,Russian Federation,RUS,0,World,WLD,,,,,,,,080221,"Nuts, edible; hazelnuts or filberts (corylus spp.), fresh or dried, in shell",8,Weight in kilograms,219940,,,,219940,,473803,,,0
H5,2019,2019,2019,6,1,1,Import,643,Russian Federation,RUS,0,World,WLD,,,,,,,,080221,"Nuts, edible; hazelnuts or filberts (corylus spp.), fresh or dried, in shell",8,Weight in kilograms,428508,,,,428508,,1006120,,,0
H5,2017,2017,2017,6,1,1,Import,643,Russian Federation,RUS,0,World,WLD,,,,,,,,080222,"Nuts, edible; hazelnuts or filberts (corylus spp.), fresh or dried, shelled",8,Weight in kilograms,9844854,,,,9844854,,50301417,,,0
H5,2018,2018,2018,6,1,1,Import,643,Russian Federation,RUS,0,World,WLD,,,,,,,,080222,"Nuts, edible; hazelnuts or filberts (corylus spp.), fresh or dried, shelled",8,Weight in kilograms,14280898,,,,14280898,,72544959,,,0
H5,2019,2019,2019,6,1,1,Import,643,Russian Federation,RUS,0,World,WLD,,,,,,,,080222,"Nuts, edible; hazelnuts or filberts (corylus spp.), fresh or dried, shelled",8,Weight in kilograms,14339355,,,,14339355,,76664330,,,0
H5,2017,2017,2017,6,1,1,Import,643,Russian Federation,RUS,0,World,WLD,,,,,,,,080231,"Nuts, edible; walnuts, fresh or dried, in shell",8,Weight in kilograms,467795,,,,467795,,1084344,,,0
H5,2018,2018,2018,6,1,1,Import,643,Russian Federation,RUS,0,World,WLD,,,,,,,,080231,"Nuts, edible; walnuts, fresh or dried, in shell",8,Weight in kilograms,2031594,,,,2031594,,4315768,,,0
H5,2019,2019,2019,6,1,1,Import,643,Russian Federation,RUS,0,World,WLD,,,,,,,,080231,"Nuts, edible; walnuts, fresh or dried, in shell",8,Weight in kilograms,3078774,,,,3078774,,6301112,,,0
H5,2017,2017,2017,6,1,1,Import,643,Russian Federation,RUS,0,World,WLD,,,,,,,,080232,"Nuts, edible; walnuts, fresh or dried, shelled",8,Weight in kilograms,1789471,,,,1789471,,12984116,,,0
H5,2018,2018,2018,6,1,1,Import,643,Russian Federation,RUS,0,World,WLD,,,,,,,,080232,"Nuts, edible; walnuts, fresh or dried, shelled",8,Weight in kilograms,2437089,,,,2437089,,15769376,,,6
H5,2019,2019,2019,6,1,1,Import,643,Russian Federation,RUS,0,World,WLD,,,,,,,,080232,"Nuts, edible; walnuts, fresh or dried, shelled",8,Weight in kilograms,4215801,,,,4215801,,22182707,,,0
H5,2018,2018,2018,6,1,1,Import,643,Russian Federation,RUS,0,World,WLD,,,,,,,,080270,"Nuts, edible; kola nuts (Cola spp.), fresh or dried, whether or not shelled or peeled",8,Weight in kilograms,97,,,,97,,1500,,,0
H5,2017,2017,2017,6,1,1,Import,643,Russian Federation,RUS,0,World,WLD,,,,,,,,080290,"Nuts, edible; n.e.c. in heading no. 0801 and 0802, fresh or dried, whether or not shelled or peeled",8,Weight in kilograms,153139,,,,153139,,2343760,,,0
H5,2018,2018,2018,6,1,1,Import,643,Russian Federation,RUS,0,World,WLD,,,,,,,,080290,"Nuts, edible; n.e.c. in heading no. 0801 and 0802, fresh or dried, whether or not shelled or peeled",8,Weight in kilograms,212070,,,,212070,,2934195,,,0
H5,2019,2019,2019,6,1,1,Import,643,Russian Federation,RUS,0,World,WLD,,,,,,,,080290,"Nuts, edible; n.e.c. in heading no. 0801 and 0802, fresh or dried, whether or not shelled or peeled",8,Weight in kilograms,419158,,,,419158,,4375326,,,0
H4,2015,2015,2015,6,1,1,Import,643,Russian Federation,RUS,0,World,WLD,,,,,,,,080211,"Nuts, edible; almonds, fresh or dried, in shell",8,Weight in kilograms,187170,,,,187170,,1767961,,,0
H4,2016,2016,2016,6,1,1,Import,643,Russian Federation,RUS,0,World,WLD,,,,,,,,080211,"Nuts, edible; almonds, fresh or dried, in shell",8,Weight in kilograms,57425,,,,57425,,295210,,,0
H4,2015,2015,2015,6,1,1,Import,643,Russian Federation,RUS,0,World,WLD,,,,,,,,080212,"Nuts, edible; almonds, fresh or dried, shelled",8,Weight in kilograms,4382820,,,,4382820,,49558497,,,0
H4,2016,2016,2016,6,1,1,Import,643,Russian Federation,RUS,0,World,WLD,,,,,,,,080212,"Nuts, edible; almonds, fresh or dried, shelled",8,Weight in kilograms,3466303,,,,3466303,,36030510,,,0
H4,2015,2015,2015,6,1,1,Import,643,Russian Federation,RUS,0,World,WLD,,,,,,,,080221,"Nuts, edible; hazelnuts or filberts (corylus spp.), fresh or dried, in shell",8,Weight in kilograms,107245,,,,107245,,97074,,,0
H4,2016,2016,2016,6,1,1,Import,643,Russian Federation,RUS,0,World,WLD,,,,,,,,080221,"Nuts, edible; hazelnuts or filberts (corylus spp.), fresh or dried, in shell",8,Weight in kilograms,27286,,,,27286,,57051,,,0
H4,2015,2015,2015,6,1,1,Import,643,Russian Federation,RUS,0,World,WLD,,,,,,,,080222,"Nuts, edible; hazelnuts or filberts (corylus spp.), fresh or dried, shelled",8,Weight in kilograms,7310325,,,,7310325,,52412472,,,0
H4,2016,2016,2016,6,1,1,Import,643,Russian Federation,RUS,0,World,WLD,,,,,,,,080222,"Nuts, edible; hazelnuts or filberts (corylus spp.), fresh or dried, shelled",8,Weight in kilograms,7985784,,,,7985784,,52323938,,,0
H4,2015,2015,2015,6,1,1,Import,643,Russian Federation,RUS,0,World,WLD,,,,,,,,080231,"Nuts, edible; walnuts, fresh or dried, in shell",8,Weight in kilograms,27042,,,,27042,,52186,,,0
H4,2016,2016,2016,6,1,1,Import,643,Russian Federation,RUS,0,World,WLD,,,,,,,,080231,"Nuts, edible; walnuts, fresh or dried, in shell",8,Weight in kilograms,56733,,,,56733,,188001,,,0
H4,2015,2015,2015,6,1,1,Import,643,Russian Federation,RUS,0,World,WLD,,,,,,,,080232,"Nuts, edible; walnuts, fresh or dried, shelled",8,Weight in kilograms,840809,,,,840809,,9010965,,,0
H4,2016,2016,2016,6,1,1,Import,643,Russian Federation,RUS,0,World,WLD,,,,,,,,080232,"Nuts, edible; walnuts, fresh or dried, shelled",8,Weight in kilograms,769031,,,,769031,,5926931,,,0
H4,2015,2015,2015,6,1,1,Import,643,Russian Federation,RUS,0,World,WLD,,,,,,,,080270,"Nuts, edible; kola nuts (Cola spp.), fresh or dried, whether or not shelled or peeled",8,Weight in kilograms,717,,,,717,,4921,,,0
H4,2015,2015,2015,6,1,1,Import,643,Russian Federation,RUS,0,World,WLD,,,,,,,,080290,"Nuts, edible; n.e.c. in heading no. 0801 and 0802, fresh or dried, whether or not shelled or peeled",8,Weight in kilograms,107390,,,,107390,,1030498,,,0
H4,2016,2016,2016,6,1,1,Import,643,Russian Federation,RUS,0,World,WLD,,,,,,,,080290,"Nuts, edible; n.e.c. in heading no. 0801 and 0802, fresh or dried, whether or not shelled or peeled",8,Weight in kilograms,384881,,,,384881,,2921424,,,0
